,PC1,PC2,PC3,PC4
Temperature,-0.08563901094761946,-0.8016664190723609,0.38354453122726273,0.45043368535364975
Fuel_Price,0.2755210212169177,-0.5689898572834504,-0.6692748318211379,-0.390397116622207
CPI,-0.7372167931722432,-0.17197561532853695,0.20467336048532145,-0.6205196234647626
Unemployment,0.6109546026803742,-0.06329204193757322,0.602555895800624,-0.5095635223668843
